Time Interval,Browse Path,Value Source,Data Type
0,UnifyTags_Houston/15FIT10625.PV,"random(50.0, 200.0, true)",Float
0,UnifyTags_Houston/15FIT10626.PV,"random(50.0, 200.0, true)",Float
0,UnifyTags_Houston/15FIT10725.PV,"random(50.0, 200.0, true)",Float
0,UnifyTags_Houston/15FIT10726.PV,"random(50.0, 200.0, true)",Float
0,UnifyTags_Houston/15FIT20625.PV,"random(50.0, 200.0, true)",Float
0,UnifyTags_Houston/15FIT20626.PV,"random(50.0, 200.0, true)",Float
0,UnifyTags_Houston/15FIT20725.PV,"random(50.0, 200.0, true)",Float
0,UnifyTags_Houston/15FIT20726.PV,"random(50.0, 200.0, true)",Float
0,UnifyTags_Houston/15IIT10601.PV,"random(50.0, 200.0, true)",Float
0,UnifyTags_Houston/15IIT10701.PV,"random(50.0, 200.0, true)",Float
0,UnifyTags_Houston/15IIT20601.PV,"random(50.0, 200.0, true)",Float
0,UnifyTags_Houston/15IIT20701.PV,"random(50.0, 200.0, true)",Float
0,UnifyTags_Houston/15JIT10603.PV,"random(50.0, 200.0, true)",Float
0,UnifyTags_Houston/15JIT10703.PV,"random(50.0, 200.0, true)",Float
0,UnifyTags_Houston/15JIT20603.PV,"random(50.0, 200.0, true)",Float
0,UnifyTags_Houston/15JIT20703.PV,"random(50.0, 200.0, true)",Float
0,UnifyTags_Houston/15PDT10602.PV,"random(50.0, 200.0, true)",Float
0,UnifyTags_Houston/15PDT10702.PV,"random(50.0, 200.0, true)",Float
0,UnifyTags_Houston/15PDT20602.PV,"random(50.0, 200.0, true)",Float
0,UnifyTags_Houston/15PDT20702.PV,"random(50.0, 200.0, true)",Float
0,UnifyTags_Houston/15PIT10621.PV,"random(50.0, 200.0, true)",Float
0,UnifyTags_Houston/15PIT10622.PV,"random(50.0, 200.0, true)",Float
0,UnifyTags_Houston/15PIT10721.PV,"random(50.0, 200.0, true)",Float
0,UnifyTags_Houston/15PIT10722.PV,"random(50.0, 200.0, true)",Float
0,UnifyTags_Houston/15PIT20621.PV,"random(50.0, 200.0, true)",Float
0,UnifyTags_Houston/15PIT20622.PV,"random(50.0, 200.0, true)",Float
0,UnifyTags_Houston/15PIT20721.PV,"random(50.0, 200.0, true)",Float
0,UnifyTags_Houston/15PIT20722.PV,"random(50.0, 200.0, true)",Float
0,UnifyTags_Houston/15SIT10604.PV,"random(50.0, 200.0, true)",Float
0,UnifyTags_Houston/15SIT10704.PV,"random(50.0, 200.0, true)",Float
0,UnifyTags_Houston/15SIT20604.PV,"random(50.0, 200.0, true)",Float
0,UnifyTags_Houston/15SIT20704.PV,"random(50.0, 200.0, true)",Float
0,UnifyTags_Houston/15TIT10623.PV,"random(50.0, 200.0, true)",Float
0,UnifyTags_Houston/15TIT10624.PV,"random(50.0, 200.0, true)",Float
0,UnifyTags_Houston/15TIT10723.PV,"random(50.0, 200.0, true)",Float
0,UnifyTags_Houston/15TIT10724.PV,"random(50.0, 200.0, true)",Float
0,UnifyTags_Houston/15TIT20623.PV,"random(50.0, 200.0, true)",Float
0,UnifyTags_Houston/15TIT20624.PV,"random(50.0, 200.0, true)",Float
0,UnifyTags_Houston/15TIT20723.PV,"random(50.0, 200.0, true)",Float
0,UnifyTags_Houston/15TIT20724.PV,"random(50.0, 200.0, true)",Float
0,UnifyTags_Houston/16FIT10825.PV,"random(50.0, 200.0, true)",Float
0,UnifyTags_Houston/16FIT10826.PV,"random(50.0, 200.0, true)",Float
0,UnifyTags_Houston/16FIT10925.PV,"random(50.0, 200.0, true)",Float
0,UnifyTags_Houston/16FIT10926.PV,"random(50.0, 200.0, true)",Float
0,UnifyTags_Houston/16FIT20825.PV,"random(50.0, 200.0, true)",Float
0,UnifyTags_Houston/16FIT20826.PV,"random(50.0, 200.0, true)",Float
0,UnifyTags_Houston/16FIT20925.PV,"random(50.0, 200.0, true)",Float
0,UnifyTags_Houston/16FIT20926.PV,"random(50.0, 200.0, true)",Float
0,UnifyTags_Houston/16IIT10801.PV,"random(50.0, 200.0, true)",Float
0,UnifyTags_Houston/16IIT10901.PV,"random(50.0, 200.0, true)",Float
0,UnifyTags_Houston/16IIT20801.PV,"random(50.0, 200.0, true)",Float
0,UnifyTags_Houston/16IIT20901.PV,"random(50.0, 200.0, true)",Float
0,UnifyTags_Houston/16JIT10803.PV,"random(50.0, 200.0, true)",Float
0,UnifyTags_Houston/16JIT10903.PV,"random(50.0, 200.0, true)",Float
0,UnifyTags_Houston/16JIT20803.PV,"random(50.0, 200.0, true)",Float
0,UnifyTags_Houston/16JIT20903.PV,"random(50.0, 200.0, true)",Float
0,UnifyTags_Houston/16PDT10802.PV,"random(50.0, 200.0, true)",Float
0,UnifyTags_Houston/16PDT10902.PV,"random(50.0, 200.0, true)",Float
0,UnifyTags_Houston/16PDT20802.PV,"random(50.0, 200.0, true)",Float
0,UnifyTags_Houston/16PDT20902.PV,"random(50.0, 200.0, true)",Float
0,UnifyTags_Houston/16PIT10821.PV,"random(50.0, 200.0, true)",Float
0,UnifyTags_Houston/16PIT10822.PV,"random(50.0, 200.0, true)",Float
0,UnifyTags_Houston/16PIT10921.PV,"random(50.0, 200.0, true)",Float
0,UnifyTags_Houston/16PIT10922.PV,"random(50.0, 200.0, true)",Float
0,UnifyTags_Houston/16PIT20821.PV,"random(50.0, 200.0, true)",Float
0,UnifyTags_Houston/16PIT20822.PV,"random(50.0, 200.0, true)",Float
0,UnifyTags_Houston/16PIT20921.PV,"random(50.0, 200.0, true)",Float
0,UnifyTags_Houston/16PIT20922.PV,"random(50.0, 200.0, true)",Float
0,UnifyTags_Houston/16SIT10804.PV,"random(50.0, 200.0, true)",Float
0,UnifyTags_Houston/16SIT10904.PV,"random(50.0, 200.0, true)",Float
0,UnifyTags_Houston/16SIT20804.PV,"random(50.0, 200.0, true)",Float
0,UnifyTags_Houston/16SIT20904.PV,"random(50.0, 200.0, true)",Float
0,UnifyTags_Houston/16TIT10823.PV,"random(50.0, 200.0, true)",Float
0,UnifyTags_Houston/16TIT10824.PV,"random(50.0, 200.0, true)",Float
0,UnifyTags_Houston/16TIT10923.PV,"random(50.0, 200.0, true)",Float
0,UnifyTags_Houston/16TIT10924.PV,"random(50.0, 200.0, true)",Float
0,UnifyTags_Houston/16TIT20823.PV,"random(50.0, 200.0, true)",Float
0,UnifyTags_Houston/16TIT20824.PV,"random(50.0, 200.0, true)",Float
0,UnifyTags_Houston/16TIT20923.PV,"random(50.0, 200.0, true)",Float
0,UnifyTags_Houston/16TIT20924.PV,"random(50.0, 200.0, true)",Float
0,UnifyTags_Houston/17FIT11025.PV,"random(50.0, 200.0, true)",Float
0,UnifyTags_Houston/17FIT11026.PV,"random(50.0, 200.0, true)",Float
0,UnifyTags_Houston/17FIT21025.PV,"random(50.0, 200.0, true)",Float
0,UnifyTags_Houston/17FIT21026.PV,"random(50.0, 200.0, true)",Float
0,UnifyTags_Houston/17IIT11001.PV,"random(50.0, 200.0, true)",Float
0,UnifyTags_Houston/17IIT21001.PV,"random(50.0, 200.0, true)",Float
0,UnifyTags_Houston/17JIT11003.PV,"random(50.0, 200.0, true)",Float
0,UnifyTags_Houston/17JIT21003.PV,"random(50.0, 200.0, true)",Float
0,UnifyTags_Houston/17PDT11002.PV,"random(50.0, 200.0, true)",Float
0,UnifyTags_Houston/17PDT21002.PV,"random(50.0, 200.0, true)",Float
0,UnifyTags_Houston/17PIT11021.PV,"random(50.0, 200.0, true)",Float
0,UnifyTags_Houston/17PIT11022.PV,"random(50.0, 200.0, true)",Float
0,UnifyTags_Houston/17PIT21021.PV,"random(50.0, 200.0, true)",Float
0,UnifyTags_Houston/17PIT21022.PV,"random(50.0, 200.0, true)",Float
0,UnifyTags_Houston/17SIT11004.PV,"random(50.0, 200.0, true)",Float
0,UnifyTags_Houston/17SIT21004.PV,"random(50.0, 200.0, true)",Float
0,UnifyTags_Houston/17TIT11023.PV,"random(50.0, 200.0, true)",Float
0,UnifyTags_Houston/17TIT11024.PV,"random(50.0, 200.0, true)",Float
0,UnifyTags_Houston/17TIT21023.PV,"random(50.0, 200.0, true)",Float
0,UnifyTags_Houston/17TIT21024.PV,"random(50.0, 200.0, true)",Float